key,header,metaTitle,metaDescription,canonicalTag,name,contentHeaderH2,content,location,address,region,schema
Manila,Best eye doctors in Manila,"Eye doctors in Manila, optometrist finder - All About Vision",Are you looking for an eye doctor in Manila. Our optometrist finder will help you in finding the best eye doctor. Try it now to book your next appointment.,https://www.allaboutvision.com/find-eye-doctor/las-vegas/,Manila Area,How to use our locator to find an optometrist in Manila,"## Eye doctors and exams in Dallas        
### How to find an eye care professional in Texas
### How can I find an eye doctor near me in Dallas, TX?
Our locator makes it easier for you  to find an eye professional in the Dallas metro area. Our locator lists the optometrists in your area by your location. 
### What type of eye care professionals can I find?
Our locator includes eye doctors, optometrists, and many other eye care specialties such as pediatric eye doctors. 
Depending on the type of eye care you are looking for, try using our drop-downs and filters to find exactly what you're seeking
### Where in Dallas can I find eye care professionals?
Our locator includes listings in most parts and neighborhoods of Dallas, such as Downtown Dallas, Lemmon Avenue, Mockingbird Lane, North Dallas, Northpark Mall, Oak Lawn, Sherry Lane, Uptown Dallas, and West Village. 
Looking for an eye doctor in your local area? Simply tap the geolocation symbol next to the address field, and your current location will automatically appear. If you want to find an optometrist in a different location in Dallas, you may enter a street address or ZIP code.
##What type of services can I find?
From performing routine eye exams and writing prescriptions to fitting eyeglasses and contact lenses, eye doctors included in our locator provide a range of vision services. 
If you’re looking for more specialized care, simply select one of the following “Specialities” in the filter menu. 
se indoor humidity and lead to chronic dry eye syndrome.
",14.5995-120.9842,Manila,North Carolina,Manila
London,Best eye doctors in London,"Eye doctors in London, optometrist finder - All About Vision",Are you looking for an eye doctor in London. Our optometrist finder will help you in finding the best eye doctor. Try it now to book your next appointment.,https://www.allaboutvision.com/find-eye-doctor/las-vegas/,London Area,How to use our locator to find an optometrist in London,"## Eye doctors and exams in Dallas        
### How to find an eye care professional in Texas
### How can I find an eye doctor near me in Dallas, TX?
Our locator makes it easier for you  to find an eye professional in the Dallas metro area. Our locator lists the optometrists in your area by your location. 
### What type of eye care professionals can I find?
Our locator includes eye doctors, optometrists, and many other eye care specialties such as pediatric eye doctors. 
Depending on the type of eye care you are looking for, try using our drop-downs and filters to find exactly what you're seeking
### Where in Dallas can I find eye care professionals?
Our locator includes listings in most parts and neighborhoods of Dallas, such as Downtown Dallas, Lemmon Avenue, Mockingbird Lane, North Dallas, Northpark Mall, Oak Lawn, Sherry Lane, Uptown Dallas, and West Village. 
Looking for an eye doctor in your local area? Simply tap the geolocation symbol next to the address field, and your current location will automatically appear. If you want to find an optometrist in a different location in Dallas, you may enter a street address or ZIP code.
##What type of services can I find?
From performing routine eye exams and writing prescriptions to fitting eyeglasses and contact lenses, eye doctors included in our locator provide a range of vision services. 
If you’re looking for more specialized care, simply select one of the following “Specialities” in the filter menu. 
se indoor humidity and lead to chronic dry eye syndrome.
",51.5074-0.1278,London,Georgia,London
Osaka,Best eye doctors in Osaka,"Eye doctors in Osaka, optometrist finder - All About Vision",Are you looking for an eye doctor in Osaka. Our optometrist finder will help you in finding the best eye doctor. Try it now to book your next appointment.,https://www.allaboutvision.com/find-eye-doctor/las-vegas/,OsakaArea,How to use our locator to find an optometrist in Osaka,"## Eye doctors and exams in Dallas        
### How to find an eye care professional in Texas
### How can I find an eye doctor near me in Dallas, TX?
Our locator makes it easier for you  to find an eye professional in the Dallas metro area. Our locator lists the optometrists in your area by your location. 
### What type of eye care professionals can I find?
Our locator includes eye doctors, optometrists, and many other eye care specialties such as pediatric eye doctors. 
Depending on the type of eye care you are looking for, try using our drop-downs and filters to find exactly what you're seeking
### Where in Dallas can I find eye care professionals?
Our locator includes listings in most parts and neighborhoods of Dallas, such as Downtown Dallas, Lemmon Avenue, Mockingbird Lane, North Dallas, Northpark Mall, Oak Lawn, Sherry Lane, Uptown Dallas, and West Village. 
Looking for an eye doctor in your local area? Simply tap the geolocation symbol next to the address field, and your current location will automatically appear. If you want to find an optometrist in a different location in Dallas, you may enter a street address or ZIP code.
##What type of services can I find?
From performing routine eye exams and writing prescriptions to fitting eyeglasses and contact lenses, eye doctors included in our locator provide a range of vision services. 
If you’re looking for more specialized care, simply select one of the following “Specialities” in the filter menu. 
se indoor humidity and lead to chronic dry eye syndrome.
",34.6937-135.5023,Osaka,Texas,Osaka